training_row,test_row,changed_features,maximum_relative_difference
40769,2,2,0.00012062584855728447
5074,6,1,3.9710568544672764e-05
11756,7,1,5.126489790925504e-05
6689,9,1,0.00010863885856772599
40438,47,1,6.492176726668539e-05
39000,58,1,0.00010607798965460448
48045,73,1,0.0003748127717570738
23307,84,1,1.6901432081780233e-05
55861,113,1,0.001552564852740394
24472,114,1,6.809275356214604e-05
8815,130,1,1.647719144773847e-05
22052,133,1,6.925866158266115e-05
37075,138,1,3.825755328761341e-05
231,145,1,4.348897554469942e-05
37843,155,1,0.0010803997479067254
26307,164,1,0.0002065678867133105
44550,165,1,9.675858732462506e-05
56740,166,1,0.0005452159845097514
55703,171,2,5.6321266824366216e-05
46873,177,1,4.258183491677708e-05
34508,178,1,0.00011553553873171387
50848,184,2,0.00013512051873286837
36248,193,1,0.00020555765551264716
28126,197,1,5.9956588394225954e-05
50383,205,1,3.973157753719232e-05
