,count,mean,std,min,1%,25%,50%,75%,99%,max,missing_fraction,distinct_nonmissing
aa_000,48000.0,59429.385125,145750.33350678525,0.0,2.0,850.0,30772.0,48852.0,830577.3400000031,2746564.0,0.0,19145
ab_000,10907.0,0.7180709636013569,3.674447581558829,0.0,0.0,0.0,0.0,0.0,8.0,204.0,0.7727708333333333,28
ac_000,45302.0,354443941.06909186,793472518.371935,0.0,0.0,16.0,152.0,958.0,2130706446.0,2130706664.0,0.05620833333333333,1898
ad_000,36077.0,238379.00235607172,45194911.742913455,0.0,0.0,24.0,128.0,432.0,4064.0,8584297742.0,0.24839583333333334,1757
ae_000,45987.0,6.739078435209951,148.04019480562624,0.0,0.0,0.0,0.0,0.0,114.0,21050.0,0.0419375,299
af_000,45987.0,10.731859003631461,198.44034590130244,0.0,0.0,0.0,0.0,0.0,174.0,20070.0,0.0419375,374
ag_000,47473.0,254.74960503865356,22756.074888891733,0.0,0.0,0.0,0.0,0.0,0.0,3376892.0,0.010979166666666667,125
ag_001,47473.0,1070.3793314094328,37704.54389548273,0.0,0.0,0.0,0.0,0.0,496.2399999999907,4109372.0,0.010979166666666667,509
ag_002,47473.0,9055.941061234807,161472.57439138816,0.0,0.0,0.0,0.0,0.0,103684.71999999997,10552856.0,0.010979166666666667,2008
ag_003,47473.0,90096.40764223874,796421.091901977,0.0,0.0,0.0,0.0,0.0,2319352.3999999934,63402074.0,0.010979166666666667,6658
ag_004,47473.0,440500.29216607334,2444860.037820706,0.0,0.0,306.0,3646.0,50012.0,10816239.27999997,228830570.0,0.010979166666666667,19460
ag_005,47473.0,1114596.9897836666,3285863.659833468,0.0,0.0,13802.0,178164.0,918642.0,17184470.559999987,179187978.0,0.010979166666666667,33832
ag_006,47473.0,1666967.7225791502,3917859.998786396,0.0,0.0,10838.0,944948.0,1894388.0,18954462.559999965,94020666.0,0.010979166666666667,33566
ag_007,47473.0,501087.6409327407,1405333.8452755834,0.0,0.0,0.0,121586.0,590490.0,5162738.559999994,45020138.0,0.010979166666666667,26485
ag_008,47473.0,35544.963663556126,216408.86904752915,0.0,0.0,0.0,1828.0,26726.0,424145.19999999984,17702522.0,0.010979166666666667,16258
ag_009,47473.0,5437.176373938871,183896.0900501095,0.0,0.0,0.0,0.0,366.0,36445.67999999999,25198514.0,0.010979166666666667,4776
ah_000,47490.0,1816486.3714887344,4192840.3852803553,0.0,700.0,29978.0,1005282.0,1610845.0,24355684.060000032,74247318.0,0.010625,35932
ai_000,47502.0,9148.442212959455,168235.20685284858,0.0,0.0,0.0,0.0,0.0,126760.9999999998,16512852.0,0.010375,3435
aj_000,47502.0,1141.1780556608144,49504.456643391204,0.0,0.0,0.0,0.0,0.0,995.9599999999919,5629340.0,0.010375,785
ak_000,44468.0,1006.5707025276604,79524.58578354189,0.0,0.0,0.0,0.0,0.0,0.0,10444924.0,0.07358333333333333,124
al_000,47492.0,59166.792217636656,539985.6174039157,0.0,0.0,0.0,0.0,1202.0,1379479.2799999902,34762578.0,0.010583333333333333,7845
am_0,47502.0,93586.23131657614,849236.869367621,0.0,0.0,0.0,0.0,2356.0,2164072.0,48236658.0,0.010375,9173
an_000,47492.0,3471316.165922682,7785232.125306067,0.0,3795.46,73738.0,1922393.0,3145994.0,45021072.87999995,140861830.0,0.010583333333333333,39437
ao_000,47536.0,3012385.9960871763,6829305.759985263,0.0,1948.7,66012.0,1646965.0,2690942.5,39346717.400000006,122201822.0,0.009666666666666667,39102
ap_000,47492.0,1008097.1973384991,3096854.6886384436,0.0,3437.82,25322.0,359276.0,726268.5,16077138.299999978,77934944.0,0.010583333333333333,36953
aq_000,47536.0,443610.0787613598,1257449.3200650017,0.0,80.70000000000005,4188.0,180106.0,380007.0,6566531.600000017,25562646.0,0.009666666666666667,29148
ar_000,45797.0,0.49322007991789857,5.476163309430623,0.0,0.0,0.0,0.0,0.0,12.0,350.0,0.04589583333333333,66
as_000,47502.0,155.21375942065598,12296.840951315056,0.0,0.0,0.0,0.0,0.0,0.0,1655240.0,0.010375,18
at_000,47502.0,5008.508020714918,118151.78006331956,0.0,0.0,0.0,0.0,0.0,51080.39999999927,10400504.0,0.010375,3029
au_000,47502.0,252.2353164077302,16848.994885296175,0.0,0.0,0.0,0.0,0.0,0.0,2626676.0,0.010375,49
av_000,45986.0,1133.3612403775062,7016.862247822474,0.0,0.0,12.0,116.0,645.5,15110.700000000084,794458.0,0.041958333333333334,3516
ax_000,45986.0,372.720436654634,1515.4630154725894,0.0,0.0,10.0,66.0,264.0,5034.300000000003,116652.0,0.041958333333333334,2019
ay_000,47473.0,11860.4520885556,447981.15497476124,0.0,0.0,0.0,0.0,0.0,0.0,50553892.0,0.010979166666666667,377
ay_001,47473.0,11606.019505824363,592790.0263655045,0.0,0.0,0.0,0.0,0.0,9587.759999999893,80525378.0,0.010979166666666667,757
ay_002,47473.0,10560.987424430728,407993.0650760065,0.0,0.0,0.0,0.0,0.0,9618.159999999974,26283758.0,0.010979166666666667,814
ay_003,47473.0,6980.513976365513,199523.32901172785,0.0,0.0,0.0,0.0,0.0,15453.599999999977,13945170.0,0.010979166666666667,850
ay_004,47473.0,9598.490973816695,319140.07544450957,0.0,0.0,0.0,0.0,0.0,20789.599999999977,30868706.0,0.010979166666666667,1446
ay_005,47473.0,108125.59808733386,1315916.4046229536,0.0,0.0,0.0,0.0,40240.0,1077048.0,124948914.0,0.010979166666666667,16478
ay_006,47473.0,1088133.1473469129,3311033.043916042,0.0,0.0,0.0,170046.0,1270824.0,10954944.319999995,127680326.0,0.010979166666666667,28319
ay_007,47473.0,1565845.166220799,5273477.44132664,0.0,0.0,6148.0,351752.0,1341202.0,23589953.999999925,489678156.0,0.010979166666666667,31888
ay_008,47473.0,1048879.8161481263,3959861.7818386983,0.0,0.0,7524.0,95856.0,616672.0,19002596.0,104166112.0,0.010979166666666667,31436
ay_009,47473.0,943.835401175405,67075.30596065508,0.0,0.0,0.0,0.0,0.0,0.0,12507682.0,0.010979166666666667,367
az_000,47473.0,7990.634465906936,77875.79502605228,0.0,0.0,1032.0,2106.0,4174.0,101463.03999999992,10124620.0,0.010979166666666667,8236
az_001,47473.0,4412.034545952436,29611.409045616547,0.0,0.0,60.0,642.0,2032.0,68063.91999999998,2174792.0,0.010979166666666667,6574
az_002,47473.0,8119.09005118699,97305.88155473657,0.0,0.0,90.0,1026.0,3156.0,116147.03999999986,12088584.0,0.010979166666666667,8084
az_003,47473.0,86376.737050534,605061.8242624031,0.0,0.0,296.0,3622.0,43062.0,971234.0,33692320.0,0.010979166666666667,18314
az_004,47473.0,1487650.4351947422,4235731.8768097935,0.0,0.0,1566.0,83150.0,1778350.0,20430869.279999908,123047106.0,0.010979166666666667,28221
az_005,47473.0,2149700.304130769,6526113.5764989015,0.0,0.0,38798.0,530882.0,1808138.0,33811074.63999982,467832334.0,0.010979166666666667,36701
az_006,47473.0,99849.50561371727,898548.5939839708,0.0,0.0,10.0,288.0,4192.0,2529267.5199999968,64589140.0,0.010979166666666667,10602
az_007,47473.0,17802.66404061256,298644.08080464654,0.0,0.0,0.0,0.0,0.0,309191.51999999746,39158218.0,0.010979166666666667,3307
az_008,47473.0,622.0876708866092,15042.521446076134,0.0,0.0,0.0,0.0,0.0,6074.159999999974,1947884.0,0.010979166666666667,1077
az_009,47473.0,32.60088892633708,3173.1316083999013,0.0,0.0,0.0,0.0,0.0,22.0,666148.0,0.010979166666666667,274
ba_000,47458.0,1407612.6659783388,3803895.129210132,0.0,0.0,33771.0,684171.0,1284217.0,18507026.160000008,232871714.0,0.011291666666666667,36936
ba_001,47458.0,900700.3671035442,2384745.5049670334,0.0,0.0,15140.5,444316.0,813990.5,12384804.0,116283282.0,0.011291666666666667,33177
ba_002,47458.0,415441.929579839,1213559.2278849299,0.0,0.0,5232.5,186458.0,341344.0,6142514.220000001,55807388.0,0.011291666666666667,29920
ba_003,47458.0,275440.4882633065,758599.437978434,0.0,0.0,1850.0,134299.0,245234.5,3925070.2800000007,36931418.0,0.011291666666666667,27497
ba_004,47458.0,205849.55737704918,544021.0248618403,0.0,0.0,612.0,102132.0,197631.5,2767046.800000004,25158556.0,0.011291666666666667,25568
ba_005,47458.0,189643.72266003623,506222.9627484056,0.0,0.0,374.0,84147.0,185130.0,2454018.0,19208664.0,0.011291666666666667,24605
ba_006,47458.0,212196.356272915,638153.2525836693,0.0,0.0,350.0,71212.0,205417.5,2676338.94,16231464.0,0.011291666666666667,24238
ba_007,47458.0,186747.65455771418,526787.2811458643,0.0,0.0,72.0,4637.0,209170.0,2290999.420000001,14314086.0,0.011291666666666667,20856
ba_008,47458.0,36109.496186101394,255463.4921448931,0.0,0.0,0.0,22.0,1878.0,775073.6000000003,31265984.0,0.011291666666666667,9982
ba_009,47458.0,36065.39668759745,347654.20733217173,0.0,0.0,0.0,0.0,60.0,850430.4000000004,43706408.0,0.011291666666666667,5692
bb_000,47490.0,4543085.487344705,10890925.57905587,0.0,10887.78,106196.5,2367182.0,3880117.5,63268263.36,192871534.0,0.010625,40319
bc_000,45796.0,577.2467901126736,4322.892968159981,0.0,0.0,0.0,16.0,138.0,10758.200000000012,396952.0,0.04591666666666667,2496
bd_000,45795.0,915.733071295993,4821.478051061725,0.0,0.0,8.0,66.0,438.0,15876.0,306452.0,0.0459375,3165
be_000,45984.0,1371.4359777313848,9621.680922980595,0.0,0.0,18.0,180.0,610.0,22861.099999999948,810568.0,0.042,3517
bf_000,45986.0,75.4890183969034,528.7435720943392,0.0,0.0,0.0,2.0,20.0,1488.0,51050.0,0.041958333333333334,998
bg_000,47492.0,1815068.3360987115,4184765.631921843,0.0,699.4600000000002,29993.0,1005427.0,1611326.5,24244604.399999984,74247318.0,0.010583333333333333,35932
bh_000,47492.0,58133.23502905753,151766.7565175909,0.0,72.0,856.0,26523.0,49282.5,835961.7399999942,3176040.0,0.010583333333333333,21630
bi_000,47536.0,494023.1573544261,1497563.959855184,0.0,1223.4,16000.0,180822.0,380036.0,7576069.100000022,44937496.0,0.009666666666666667,35101
bj_000,47536.0,512548.70178391115,1820691.7068078127,0.0,776.0,8545.0,155103.0,335446.5,8529169.500000006,45736316.0,0.009666666666666667,32107
bk_000,29611.0,281484.78808550874,262675.6794200966,0.0,0.0,162960.0,211100.0,281360.0,1310700.0,1310700.0,0.3831041666666667,11770
bl_000,26259.0,323152.19086789293,321151.07697272964,0.0,0.0,170790.0,223220.0,304100.0,1310700.0,1310700.0,0.4529375,10758
bm_000,16429.0,400846.3034877351,408543.7103261318,0.0,0.0,172140.0,238080.0,370720.0,1310700.0,1310700.0,0.6577291666666667,7855
bn_000,12873.0,464937.28734560707,465197.69295702816,0.0,0.0,171760.0,251900.0,496080.0,1310700.0,1310700.0,0.7318125,6080
bo_000,10997.0,514854.2802582522,497752.6837886739,0.0,0.0,171040.0,271720.0,1310700.0,1310700.0,1310700.0,0.7708958333333333,4938
bp_000,9872.0,552977.1961102107,519984.03554213064,0.0,0.0,172615.0,288970.0,1310700.0,1310700.0,1310700.0,0.7943333333333333,4182
bq_000,9056.0,585526.7601590106,537702.8180993233,0.0,0.0,170700.0,306210.0,1310700.0,1310700.0,1310700.0,0.8113333333333334,3571
br_000,8622.0,607579.5499884018,548312.121464105,0.0,0.0,167915.0,323320.0,1310700.0,1310700.0,1310700.0,0.820375,3163
bs_000,47424.0,80703.07607962213,84479.59243752854,0.0,1900.0,17360.0,50980.0,119660.0,377056.99999999965,1037240.0,0.012,11971
bt_000,47859.0,59502.14869805052,145739.7015446002,0.0,4.14,880.3050000000001,30830.94,48942.42,831206.3007999973,2746564.83,0.0029375,37374
bu_000,47454.0,4533569.487461542,10868827.903994141,0.0,10878.48,106062.0,2366179.0,3874968.0,63168018.20000006,192871534.0,0.011375,40288
bv_000,47454.0,4533569.739157922,10868828.450350665,0.0,10878.48,106062.0,2366179.0,3874968.0,63168022.440000065,192871534.0,0.011375,40287
bx_000,45377.0,4137319.8259029905,10403119.200743252,172.0,256.0,90150.0,2262212.0,3658924.0,61390563.43999999,186353854.0,0.05464583333333333,42751
by_000,47626.0,22138.008188804433,54187.926478024965,0.0,0.0,218.0,12698.0,20468.75,296544.5,972651.0,0.007791666666666666,19536
bz_000,45797.0,104428.76655676136,647749.6691841485,0.0,0.0,8.0,1046.0,13844.0,2027554.4800000025,40542588.0,0.04589583333333333,14093
ca_000,44507.0,39345.35686521221,36819.04057314244,0.0,758.0,6905.0,25712.0,68507.0,118863.40000000002,120954.0,0.07277083333333334,24629
cb_000,47424.0,407374.88360323885,370036.30274461117,0.0,8384.6,77640.0,281740.0,709095.0,1189970.7999999998,1209520.0,0.012,26335
cc_000,45379.0,3828680.3472090615,9682097.601117065,0.0,0.0,62950.0,2114420.0,3382513.0,56347605.32000028,148615188.0,0.05460416666666667,36009
cd_000,47466.0,1209600.0,0.0,1209600.0,1209600.0,1209600.0,1209600.0,1209600.0,1209600.0,1209600.0,0.011125,1
ce_000,45984.0,64077.5189631176,140424.45289711276,0.0,0.0,264.0,3411.0,87384.5,597562.5799999995,3649658.0,0.042,18549
cf_000,36077.0,237991.66261052748,45194913.74536402,0.0,0.0,0.0,2.0,2.0,380.0,8584297736.0,0.24839583333333334,468
cg_000,36077.0,92.54367048257893,388.30304563746967,0.0,0.0,8.0,46.0,104.0,710.0,21400.0,0.24839583333333334,600
ch_000,36077.0,0.0004434958560855947,0.02977951653230902,0.0,0.0,0.0,0.0,0.0,0.0,2.0,0.24839583333333334,2
ci_000,47729.0,3489791.5136072407,8365290.485429661,0.0,855.2064,48880.32,1862455.68,2956973.76,48104735.923200004,140986129.92,0.005645833333333333,37815
cj_000,47729.0,101884.12892539128,1123109.1922398056,0.0,0.0,0.0,0.0,0.0,2139198.7968000006,60949671.36,0.005645833333333333,6302
ck_000,47729.0,716786.8084409898,2172140.800908175,0.0,1135.68,14610.24,251825.28,552852.48,10526279.654400012,55428669.12,0.005645833333333333,37197
cl_000,40342.0,369.156313519409,4927.146254943334,0.0,0.0,0.0,0.0,2.0,3069.539999999979,130560.0,0.15954166666666666,874
cm_000,40069.0,345.5858643839377,1726.9000530567248,0.0,0.0,0.0,8.0,100.0,5929.119999999995,73370.0,0.16522916666666668,1919
cn_000,47459.0,2330.9261889209633,58980.886181453374,0.0,0.0,0.0,0.0,0.0,15387.879999999976,4618596.0,0.011270833333333334,1295
cn_001,47459.0,22324.43962156809,258702.59256803908,0.0,0.0,0.0,0.0,0.0,487366.7599999993,14512994.0,0.011270833333333334,4592
cn_002,47459.0,161460.36755936703,1100066.906695416,0.0,0.0,0.0,0.0,8008.0,4086866.0,58508606.0,0.011270833333333334,12656
cn_003,47459.0,534542.4153479845,2243200.933174413,0.0,0.0,4584.0,35040.0,234212.0,10347674.43999997,94979324.0,0.011270833333333334,28712
cn_004,47459.0,1291900.1820518763,3396196.647663283,0.0,0.0,19262.0,522446.0,1213737.0,17579349.399999965,169869316.0,0.011270833333333334,34818
cn_005,47459.0,1349513.5924060768,3157253.028829995,0.0,0.0,5187.0,709648.0,1527269.0,16376470.36,117815764.0,0.011270833333333334,31799
cn_006,47459.0,412692.5771718747,1293775.3522577768,0.0,0.0,632.0,97854.0,451715.0,4530500.0,72080406.0,0.011270833333333334,26747
cn_007,47459.0,64843.81470321751,411080.6067761999,0.0,0.0,62.0,10106.0,31357.0,1044825.88,33143734.0,0.011270833333333334,18955
cn_008,47459.0,19100.060220400766,184690.57974802022,0.0,0.0,0.0,1868.0,5296.0,291498.91999999573,7541716.0,0.011270833333333334,9108
cn_009,47459.0,7088.293432225711,218541.72447789295,0.0,0.0,0.0,26.0,294.0,47022.0,36398374.0,0.011270833333333334,2720
co_000,36077.0,238274.07938575823,45194912.35230875,0.0,0.0,0.0,8.0,72.0,5264.959999999992,8584297742.0,0.24839583333333334,1659
cp_000,45796.0,565.6778757970128,7870.887393967237,0.0,0.0,4.0,14.0,80.0,7152.3000000000175,496360.0,0.04591666666666667,2065
cq_000,47454.0,4533569.6072828425,10868827.943933314,0.0,10878.48,106062.0,2366179.0,3874968.0,63168018.20000006,192871534.0,0.011375,40285
cr_000,10907.0,43.37012927477767,1139.4261915186028,0.0,0.0,0.0,0.0,0.0,0.0,57450.0,0.7727708333333333,62
cs_000,47475.0,5505.998104265403,10419.790672906181,0.0,0.0,1232.0,3210.0,5718.0,50859.44000000009,839240.0,0.0109375,8524
cs_001,47475.0,786.6655292259084,2295.550471467434,0.0,0.0,32.0,362.0,696.0,10226.520000000004,186244.0,0.0109375,3042
cs_002,47475.0,240375.71993680883,1211143.6189198159,0.0,0.0,226.0,20882.0,95738.0,4677144.320000017,46085940.0,0.0109375,23692
cs_003,47475.0,358240.4811795682,1119138.207557936,0.0,0.0,3109.0,122318.0,297273.0,4844059.360000024,36428140.0,0.0109375,29282
cs_004,47475.0,447800.09520800423,2101205.223551562,0.0,0.0,2760.0,91852.0,209483.0,8906641.320000006,74860628.0,0.0109375,28825
cs_005,47475.0,2245707.0351132173,5687478.739925331,0.0,0.0,19377.0,1227106.0,2052649.0,30446562.28000021,379142116.0,0.0109375,35104
cs_006,47475.0,549876.4871616641,1203097.5840487948,0.0,0.0,13315.0,243030.0,689003.0,4823062.040000004,73741974.0,0.0109375,33924
cs_007,47475.0,15012.854470774091,88621.64500289911,0.0,0.0,1197.0,6130.0,18306.0,114914.52,12884218.0,0.0109375,15568
cs_008,47475.0,236.8668141126909,11350.059190414768,0.0,0.0,2.0,46.0,148.0,922.0,1584558.0,0.0109375,746
cs_009,47475.0,973.7357767245919,206096.87541216236,0.0,0.0,0.0,0.0,0.0,6.0,44902992.0,0.0109375,52
ct_000,36932.0,730.3743095418607,3773.0474230393506,0.0,0.0,40.0,212.0,674.0,7094.420000000042,310022.0,0.23058333333333333,2408
cu_000,36932.0,1226.4321997184013,7911.390705485167,0.0,0.0,82.0,278.0,860.0,14030.0,733688.0,0.23058333333333333,3170
cv_000,36932.0,1924469.5034658292,3625519.911893192,0.0,0.0,23811.5,1190857.0,2402999.5,16107519.800000206,81610510.0,0.23058333333333333,27171
cx_000,36932.0,349905.64318206435,1512125.4465364278,0.0,0.0,914.0,44455.0,125574.0,6427363.200000018,44105494.0,0.23058333333333333,21062
cy_000,36932.0,259.36921910538285,8142.103279318498,0.0,0.0,0.0,0.0,0.0,1190.0800000000745,931472.0,0.23058333333333333,666
cz_000,36932.0,19275.163760424562,254065.78074145762,0.0,0.0,4.0,204.0,6312.5,226814.82000000088,19156530.0,0.23058333333333333,9191
da_000,36932.0,7.313061843387848,189.4451995747025,0.0,0.0,0.0,0.0,0.0,43.38000000000466,21006.0,0.23058333333333333,227
db_000,36932.0,13.475360121304018,77.5735935295436,0.0,0.0,0.0,0.0,18.0,90.0,9636.0,0.23058333333333333,134
dc_000,36932.0,2199588.941514134,4089966.9859624747,0.0,0.0,26439.0,1739659.0,2648296.0,19059423.280000024,120759484.0,0.23058333333333333,27355
dd_000,45984.0,3115.8442066805846,9238.536789912667,0.0,0.0,132.0,1360.0,2690.0,39248.57999999987,398400.0,0.042,5970
de_000,45797.0,372.864991156626,1519.10175949332,0.0,0.0,66.0,144.0,296.0,4088.320000000007,79988.0,0.04589583333333333,1739
df_000,44772.0,2918.4068167604755,150362.47891853374,0.0,0.0,0.0,0.0,0.0,380.0,21613910.0,0.06725,346
dg_000,44772.0,4790.167336728312,177969.78883335905,0.0,0.0,0.0,0.0,0.0,19082.060000000012,27064294.0,0.06725,1095
dh_000,44771.0,5476.551562395301,626030.201581473,0.0,0.0,0.0,0.0,0.0,10855.000000000146,124700880.0,0.06727083333333334,928
di_000,44772.0,35730.134146341465,394526.02080887114,0.0,0.0,0.0,0.0,0.0,702979.500000006,20210666.0,0.06725,4622
dj_000,44772.0,48.394979004735106,5067.664380635128,0.0,0.0,0.0,0.0,0.0,0.0,726750.0,0.06725,64
dk_000,44772.0,1991.7014652014652,68139.17206674954,0.0,0.0,0.0,0.0,0.0,0.0,4834786.0,0.06725,208
dl_000,44771.0,28144.51765651873,1084074.3164701888,0.0,0.0,0.0,0.0,0.0,0.0,103858120.0,0.06727083333333334,147
dm_000,44771.0,7228.277679748051,250190.34918678732,0.0,0.0,0.0,0.0,0.0,0.0,16257236.0,0.06727083333333334,176
dn_000,47454.0,33930.51405571712,97904.69314905634,0.0,76.0,660.0,14373.0,27441.0,490822.0,2924584.0,0.011375,18417
do_000,45797.0,28729.93737581064,62763.73032690907,0.0,0.0,20.0,10456.0,37680.0,253604.0000000003,1874542.0,0.04589583333333333,17641
dp_000,45795.0,6999.095403428322,14244.140452152396,0.0,0.0,6.0,2548.0,8309.0,57234.43999999983,348118.0,0.0459375,10458
dq_000,45795.0,4628425.362943552,100448113.66157846,0.0,0.0,0.0,0.0,0.0,36093623.95999982,6351872864.0,0.0459375,6814
dr_000,45795.0,201094.29605852166,1363232.5634235344,0.0,0.0,0.0,0.0,0.0,5036334.76,50137662.0,0.0459375,5632
ds_000,45794.0,89883.2927894484,210219.31158059556,0.0,0.0,690.0,48312.0,99140.0,1055366.0,4970962.0,0.04595833333333333,22149
dt_000,45794.0,15399.076734943443,33936.067341280606,0.0,0.0,150.0,8364.0,17574.0,174407.51999999996,656432.0,0.04595833333333333,14156
du_000,45795.0,4088866.1146413363,11315307.835398838,0.0,0.0,5460.0,190320.0,3509230.0,52020129.99999977,319054000.0,0.0459375,23794
dv_000,45795.0,601930.6385849983,2130512.656572909,0.0,0.0,758.0,31370.0,543198.0,7798038.719999973,127034534.0,0.0459375,25112
dx_000,45797.0,784819.3267681289,4161992.417065408,0.0,0.0,0.0,0.0,8928.0,17768587.44,114288420.0,0.04589583333333333,12083
dy_000,45796.0,7887.179273298978,60652.04229715122,0.0,0.0,0.0,0.0,36.0,161568.400000002,3793022.0,0.04591666666666667,5380
dz_000,45797.0,0.23368342904557068,11.814894647075542,0.0,0.0,0.0,0.0,0.0,0.0,1414.0,0.04589583333333333,45
ea_000,45797.0,1.6039915278293337,56.25498027085647,0.0,0.0,0.0,0.0,0.0,4.0,8506.0,0.04589583333333333,124
eb_000,44772.0,9768363.716385242,43324179.07934491,0.0,0.0,0.0,627485.0,4019850.0,139434847.20000002,1322456920.0,0.06725,22744
ec_00,39790.0,1357.8070243779844,3521.917261361532,0.0,0.0,115.6,760.53,1389.115,17159.841800000053,106020.22,0.17104166666666668,26135
ed_000,40342.0,1455.1401517029399,3488.675858072168,0.0,0.0,98.0,836.0,1516.0,17552.05999999988,79512.0,0.15954166666666666,3560
ee_000,47473.0,739320.3990478799,2439458.4682551012,0.0,0.0,15730.0,261880.0,577710.0,10587249.03999996,74984446.0,0.010979166666666667,34697
ee_001,47473.0,788894.9652223369,2567584.1895244815,0.0,0.0,8612.0,349386.0,670800.0,10440551.83999997,98224378.0,0.010979166666666667,31964
ee_002,47473.0,449457.6376466623,1180655.0959159841,0.0,0.0,2964.0,235594.0,439932.0,5923664.079999999,77933926.0,0.010979166666666667,28731
ee_003,47473.0,212627.66001727298,555164.1712051065,0.0,0.0,1182.0,112672.0,219156.0,2521491.3599999994,37758390.0,0.010979166666666667,26426
ee_004,47473.0,448381.5359888779,1191014.6513373104,0.0,0.0,2746.0,222224.0,467394.0,4981471.039999999,97152378.0,0.010979166666666667,29231
ee_005,47473.0,397085.00667747983,1143721.6085962902,0.0,0.0,3644.0,190758.0,403290.0,4741530.799999995,57435236.0,0.010979166666666667,30005
ee_006,47473.0,332845.0468266172,1068017.9579852743,0.0,0.0,518.0,93060.0,274294.0,4927976.639999999,31607814.0,0.010979166666666667,26461
ee_007,47473.0,346256.31504223455,1749049.7256693388,0.0,0.0,110.0,41170.0,167514.0,6823057.919999999,119580108.0,0.010979166666666667,25351
ee_008,47473.0,139200.51957955048,443684.1200356213,0.0,0.0,0.0,3890.0,139762.0,1541063.5199999937,19267396.0,0.010979166666666667,20148
ee_009,47473.0,8474.537863627746,46284.62792804732,0.0,0.0,0.0,0.0,2064.0,143590.0,2708070.0,0.010979166666666667,8419
ef_000,45796.0,0.08280199144030047,3.859657256824278,0.0,0.0,0.0,0.0,0.0,0.0,362.0,0.04591666666666667,27
eg_000,45797.0,0.2040745026966832,8.131411409393655,0.0,0.0,0.0,0.0,0.0,0.0,910.0,0.04589583333333333,43
