,,spearman
aa_000,ah_000,0.9594456030353574
aa_000,an_000,0.9596275970930125
aa_000,ao_000,0.9587312116555071
aa_000,bb_000,0.9543846252490406
aa_000,bg_000,0.9594456405060432
aa_000,bt_000,0.9999904969182772
aa_000,bu_000,0.9543931156211407
aa_000,bv_000,0.9543931091279179
aa_000,ci_000,0.9781318393090063
aa_000,cq_000,0.9543931125168328
ad_000,ct_000,0.9821858429186119
ae_000,af_000,0.9722872591170794
ag_006,cn_005,0.9695192814267741
ah_000,an_000,0.9914240824147331
ah_000,ao_000,0.9848205614175313
ah_000,aq_000,0.9626399262642878
ah_000,bb_000,0.9894448171398404
ah_000,bg_000,0.9999999999992425
ah_000,bh_000,0.9823510400523002
ah_000,bj_000,0.9529338219621676
ah_000,bt_000,0.9633697961471597
ah_000,bu_000,0.9894492807807529
ah_000,bv_000,0.9894492783159486
ah_000,ci_000,0.9797816715576673
ah_000,cq_000,0.9894492812102353
ah_000,dn_000,0.9694516760621673
al_000,am_0,0.9966438403621055
an_000,ao_000,0.9968852914312407
an_000,aq_000,0.9532439006004275
an_000,bb_000,0.9941060512959684
an_000,bg_000,0.9914303294451327
an_000,bh_000,0.9706365802328198
an_000,bt_000,0.9636839014386558
an_000,bu_000,0.9941180429240546
an_000,bv_000,0.9941180383770363
an_000,ci_000,0.9789457325615094
an_000,cq_000,0.9941180412469702
an_000,dn_000,0.9592220869968641
ao_000,bb_000,0.987655707178298
ao_000,bg_000,0.9848213986598169
ao_000,bh_000,0.9567685146974023
ao_000,bt_000,0.962811607584624
ao_000,bu_000,0.9876542598149768
ao_000,bv_000,0.9876542544391408
ao_000,ci_000,0.973374089889766
ao_000,cq_000,0.987654255805796
ap_000,aq_000,0.9608485768250975
ap_000,bb_000,0.9632780927713588
ap_000,bh_000,0.9612703194188225
ap_000,bi_000,0.9830457333417785
ap_000,bj_000,0.9718247978412472
ap_000,bu_000,0.963243671327569
ap_000,bv_000,0.9632436821685927
ap_000,cq_000,0.9632436743881123
ap_000,dn_000,0.9695032299267499
aq_000,bb_000,0.963742309243467
aq_000,bg_000,0.96261488517132
aq_000,bh_000,0.9847159977082783
aq_000,bj_000,0.9811497241854856
aq_000,bu_000,0.9637165400098107
aq_000,bv_000,0.9637165372078257
aq_000,ci_000,0.9508424815304342
aq_000,cq_000,0.9637165424092754
aq_000,dn_000,0.9851166128093539
ay_001,ay_002,0.9847395928618022
ay_001,ay_003,0.9501439694099237
ay_002,ay_003,0.9649535358252825
az_001,az_002,0.9766581573064504
ba_000,bx_000,0.9721423154943231
ba_000,cc_000,0.9723508940903522
ba_000,cs_001,0.9512576166879703
ba_000,cs_003,0.9632854554815545
ba_000,cs_004,0.9529551180778653
ba_000,cs_005,0.9534920031878944
ba_000,ee_000,0.9731921731060632
ba_000,ee_001,0.9701970888953301
ba_001,ba_002,0.9783111529759944
ba_001,ba_003,0.9647278469720076
ba_001,bx_000,0.9637866619816093
ba_001,by_000,0.9549559226593141
ba_001,cc_000,0.9658747529356541
ba_001,cs_005,0.950430351683252
ba_001,ee_002,0.9516811702253659
ba_002,ba_003,0.9870895277829783
ba_002,ba_004,0.9630730680762831
ba_002,bx_000,0.9616744730402967
ba_002,cc_000,0.9629292098779314
ba_002,cs_005,0.9575306402506552
ba_003,ba_004,0.9841270837646034
ba_003,bx_000,0.9595146058407682
ba_003,by_000,0.9562714947762743
ba_003,cc_000,0.9597448093819739
ba_003,cs_005,0.9587906431271335
ba_004,ba_005,0.9749975649061525
ba_004,bx_000,0.9505496676184595
ba_004,by_000,0.9562984709806512
ba_004,cc_000,0.9503911937638676
ba_004,cs_005,0.9513821284500383
bb_000,bg_000,0.9894390238063174
bb_000,bh_000,0.9779557393128852
bb_000,bj_000,0.9593862849699668
bb_000,bt_000,0.9583438553619554
bb_000,bu_000,0.9999999999736333
bb_000,bv_000,0.9999999999908644
bb_000,ci_000,0.9760378858383942
bb_000,cq_000,0.9999999999858047
bb_000,dn_000,0.9717846133336604
bg_000,bh_000,0.982355310994022
bg_000,bj_000,0.9529190375719786
bg_000,bt_000,0.9633685947592067
bg_000,bu_000,0.9894446161025903
bg_000,bv_000,0.9894446136371295
bg_000,ci_000,0.9797835296502789
bg_000,cq_000,0.9894446165327018
bg_000,dn_000,0.9694394566298837
bh_000,bj_000,0.97725274404323
bh_000,bu_000,0.9779394573139363
bh_000,bv_000,0.9779394542628417
bh_000,ci_000,0.9636574141301729
bh_000,cq_000,0.9779394570379325
bh_000,dn_000,0.9920594758516451
bj_000,bu_000,0.9593653071526045
bj_000,bv_000,0.9593653118542349
bj_000,ck_000,0.9531987686435166
bj_000,cq_000,0.9593653098485851
bj_000,dn_000,0.9840154048093112
bo_000,bp_000,0.9537738630952084
bp_000,bq_000,0.9640990847385992
bq_000,br_000,0.9736010086993033
bt_000,bu_000,0.9583590834938629
bt_000,bv_000,0.958359076958365
bt_000,ci_000,0.9825076538247193
bt_000,cq_000,0.9583590803666244
bu_000,bv_000,0.9999999999827346
bu_000,ci_000,0.9760364436162436
bu_000,cq_000,0.999999999987844
bu_000,dn_000,0.9717945199182799
bv_000,ci_000,0.9760364371561588
bv_000,cq_000,0.9999999999948905
bv_000,dn_000,0.9717945218925751
bx_000,by_000,0.9654512894509343
bx_000,cc_000,0.9913491344963484
bx_000,cs_001,0.9528303311392908
bx_000,cs_005,0.9627733530759786
bx_000,ee_000,0.9540468254888748
bx_000,ee_001,0.9641675112269834
bx_000,ee_002,0.9568565012902117
by_000,cc_000,0.9671000055978056
by_000,cs_005,0.9602908154132114
by_000,ee_001,0.9500974342598174
by_000,ee_002,0.9587445015946702
by_000,ee_003,0.9504625657130492
cc_000,cs_005,0.9637035875359088
cc_000,ee_000,0.9524398348170913
cc_000,ee_001,0.9660047517717192
cc_000,ee_002,0.9593800589230739
ci_000,cq_000,0.9760364417247428
ci_000,dn_000,0.9530187999688315
cn_006,cn_007,0.9591831454509097
cn_007,cn_008,0.9688565405760244
cq_000,dn_000,0.9717945222225262
cs_001,ed_000,0.97220717950762
cs_001,ee_001,0.9557933210434816
cs_003,ee_000,0.9750151971949259
cs_003,ee_001,0.9501899320904854
cs_004,ee_000,0.9500301357878065
cs_005,ee_002,0.9587443632460427
cs_005,ee_003,0.9541735797004365
cv_000,dc_000,0.97328135712018
do_000,dp_000,0.9769526364976885
dq_000,dr_000,0.9952694776813608
ds_000,dt_000,0.9834082287411339
du_000,dv_000,0.9887357487579748
ee_000,ee_001,0.9508998978271471
ee_001,ee_002,0.9676007329083751
ee_002,ee_003,0.9809274307857686
ee_002,ee_004,0.9515974730763338
ee_003,ee_004,0.9788401044633183
ee_004,ee_005,0.9515881770289619
