,neg,pos
aa_000,0.0,0.0
ab_000,0.7728177966101695,0.77
ac_000,0.049322033898305084,0.4625
ad_000,0.24171610169491525,0.6425
ae_000,0.03690677966101695,0.33875
af_000,0.03690677966101695,0.33875
ag_000,0.011122881355932203,0.0025
ag_001,0.011122881355932203,0.0025
ag_002,0.011122881355932203,0.0025
ag_003,0.011122881355932203,0.0025
ag_004,0.011122881355932203,0.0025
ag_005,0.011122881355932203,0.0025
ag_006,0.011122881355932203,0.0025
ag_007,0.011122881355932203,0.0025
ag_008,0.011122881355932203,0.0025
ag_009,0.011122881355932203,0.0025
ah_000,0.010233050847457627,0.03375
ai_000,0.009957627118644067,0.035
aj_000,0.009957627118644067,0.035
ak_000,0.0659957627118644,0.52125
al_000,0.010127118644067797,0.0375
am_0,0.009957627118644067,0.035
an_000,0.010127118644067797,0.0375
ao_000,0.009258474576271186,0.03375
ap_000,0.010127118644067797,0.0375
aq_000,0.009258474576271186,0.03375
ar_000,0.04027542372881356,0.3775
as_000,0.009957627118644067,0.035
at_000,0.009957627118644067,0.035
au_000,0.009957627118644067,0.035
av_000,0.036927966101694916,0.33875
ax_000,0.036927966101694916,0.33875
ay_000,0.011101694915254237,0.00375
ay_001,0.011101694915254237,0.00375
ay_002,0.011101694915254237,0.00375
ay_003,0.011101694915254237,0.00375
ay_004,0.011101694915254237,0.00375
ay_005,0.011101694915254237,0.00375
ay_006,0.011101694915254237,0.00375
ay_007,0.011101694915254237,0.00375
ay_008,0.011101694915254237,0.00375
ay_009,0.011101694915254237,0.00375
az_000,0.011101694915254237,0.00375
az_001,0.011101694915254237,0.00375
az_002,0.011101694915254237,0.00375
az_003,0.011101694915254237,0.00375
az_004,0.011101694915254237,0.00375
az_005,0.011101694915254237,0.00375
az_006,0.011101694915254237,0.00375
az_007,0.011101694915254237,0.00375
az_008,0.011101694915254237,0.00375
az_009,0.011101694915254237,0.00375
ba_000,0.011440677966101695,0.0025
ba_001,0.011440677966101695,0.0025
ba_002,0.011440677966101695,0.0025
ba_003,0.011440677966101695,0.0025
ba_004,0.011440677966101695,0.0025
ba_005,0.011440677966101695,0.0025
ba_006,0.011440677966101695,0.0025
ba_007,0.011440677966101695,0.0025
ba_008,0.011440677966101695,0.0025
ba_009,0.011440677966101695,0.0025
bb_000,0.010233050847457627,0.03375
bc_000,0.04029661016949153,0.3775
bd_000,0.040317796610169494,0.3775
be_000,0.03697033898305085,0.33875
bf_000,0.036927966101694916,0.33875
bg_000,0.010127118644067797,0.0375
bh_000,0.010127118644067797,0.0375
bi_000,0.009258474576271186,0.03375
bj_000,0.009258474576271186,0.03375
bk_000,0.38864406779661015,0.05625
bl_000,0.4595974576271186,0.06
bm_000,0.6677754237288136,0.065
bn_000,0.7430508474576272,0.06875
bo_000,0.7827118644067796,0.07375
bp_000,0.8064406779661017,0.08
bq_000,0.8236864406779661,0.0825
br_000,0.8328389830508475,0.085
bs_000,0.011546610169491526,0.03875
bt_000,0.0027754237288135594,0.0125
bu_000,0.010974576271186441,0.035
bv_000,0.010974576271186441,0.035
bx_000,0.055127118644067795,0.02625
by_000,0.007923728813559322,0.0
bz_000,0.04027542372881356,0.3775
ca_000,0.06521186440677966,0.51875
cb_000,0.011546610169491526,0.03875
cc_000,0.05508474576271186,0.02625
cd_000,0.010699152542372881,0.03625
ce_000,0.03697033898305085,0.33875
cf_000,0.24171610169491525,0.6425
cg_000,0.24171610169491525,0.6425
ch_000,0.24171610169491525,0.6425
ci_000,0.0055720338983050845,0.01
cj_000,0.0055720338983050845,0.01
ck_000,0.0055720338983050845,0.01
cl_000,0.15847457627118644,0.2225
cm_000,0.16309322033898305,0.29125
cn_000,0.01141949152542373,0.0025
cn_001,0.01141949152542373,0.0025
cn_002,0.01141949152542373,0.0025
cn_003,0.01141949152542373,0.0025
cn_004,0.01141949152542373,0.0025
cn_005,0.01141949152542373,0.0025
cn_006,0.01141949152542373,0.0025
cn_007,0.01141949152542373,0.0025
cn_008,0.01141949152542373,0.0025
cn_009,0.01141949152542373,0.0025
co_000,0.24171610169491525,0.6425
cp_000,0.04029661016949153,0.3775
cq_000,0.010974576271186441,0.035
cr_000,0.7728177966101695,0.77
cs_000,0.011080508474576272,0.0025
cs_001,0.011080508474576272,0.0025
cs_002,0.011080508474576272,0.0025
cs_003,0.011080508474576272,0.0025
cs_004,0.011080508474576272,0.0025
cs_005,0.011080508474576272,0.0025
cs_006,0.011080508474576272,0.0025
cs_007,0.011080508474576272,0.0025
cs_008,0.011080508474576272,0.0025
cs_009,0.011080508474576272,0.0025
ct_000,0.22559322033898305,0.525
cu_000,0.22559322033898305,0.525
cv_000,0.22559322033898305,0.525
cx_000,0.22559322033898305,0.525
cy_000,0.22559322033898305,0.525
cz_000,0.22559322033898305,0.525
da_000,0.22559322033898305,0.525
db_000,0.22559322033898305,0.525
dc_000,0.22559322033898305,0.525
dd_000,0.03697033898305085,0.33875
de_000,0.04027542372881356,0.3775
df_000,0.05951271186440678,0.52375
dg_000,0.05951271186440678,0.52375
dh_000,0.059533898305084744,0.52375
di_000,0.05951271186440678,0.52375
dj_000,0.05951271186440678,0.52375
dk_000,0.05951271186440678,0.52375
dl_000,0.059533898305084744,0.52375
dm_000,0.059533898305084744,0.52375
dn_000,0.010974576271186441,0.035
do_000,0.04027542372881356,0.3775
dp_000,0.040317796610169494,0.3775
dq_000,0.040317796610169494,0.3775
dr_000,0.040317796610169494,0.3775
ds_000,0.04033898305084746,0.3775
dt_000,0.04033898305084746,0.3775
du_000,0.040317796610169494,0.3775
dv_000,0.040317796610169494,0.3775
dx_000,0.04027542372881356,0.3775
dy_000,0.04029661016949153,0.3775
dz_000,0.04027542372881356,0.3775
ea_000,0.04027542372881356,0.3775
eb_000,0.05951271186440678,0.52375
ec_00,0.16875,0.30625
ed_000,0.15847457627118644,0.2225
ee_000,0.011101694915254237,0.00375
ee_001,0.011101694915254237,0.00375
ee_002,0.011101694915254237,0.00375
ee_003,0.011101694915254237,0.00375
ee_004,0.011101694915254237,0.00375
ee_005,0.011101694915254237,0.00375
ee_006,0.011101694915254237,0.00375
ee_007,0.011101694915254237,0.00375
ee_008,0.011101694915254237,0.00375
ee_009,0.011101694915254237,0.00375
ef_000,0.04029661016949153,0.3775
eg_000,0.04027542372881356,0.3775
